BACE,RANK,,,34,32,17,42,16,35,40,39,9,19,6,67,56,1,64,53,37,36,45,4,48,28,33,24,18,25,50,30,3,11,61,49,43,8,58,7,12,15,57,55,22,65,21,2,54,59,23,31,46,44,27,29,20,41,10,38,51,52,13,47,63,5,26,60,66,14,62
Original,Ordering,,,1,2,3,4,5,6,7,8,9,10,11,12,13,14,15,16,17,18,19,20,21,22,23,24,25,26,27,28,29,30,31,32,33,34,35,36,37,38,39,40,41,42,43,44,45,46,47,48,49,50,51,52,53,54,55,56,57,58,59,60,61,62,63,64,65,66,67
OBS,CODE,COUNTRY,GR6096,ABSLATIT,AIRDIST,AVELF,BRIT,BUDDHA,CATH00,CIV72,COLONY,CONFUC,DENS60,DENS65C,DENS65I,DPOP6090,EAST,ECORG,ENGFRAC,EUROPE,FERTLDC1,GDE1,GDPCH60L,GEEREC1,GGCFD3,GOVNOM1,GOVSH61,GVR61,H60,HERF00,HINDU00,IPRICE1,LAAM,LANDAREA,LANDLOCK,LHCPC,LIFE060,LT100CR,MALFAL66,MINING,MUSLIM00,NEWSTATE,OIL,OPENDEC1,ORTH00,OTHFRAC,P60,PI6090,SQPI6090,PRIGHTS,POP1560,POP60,POP6560,PRIEXP70,PROT00,RERD,REVCOUP,SAFRICA,SCOUT,SIZE60,SOCIALIST,SPAIN,TOT1DEC1,TOTIND,TROPICAR,TROPPOP,WARTIME,WARTORN,YRSOPEN,ZTROPICS
1,DZA,Algeria,0.011,36.72,1675,0.29372404,0,0,0.119,0.166666672,1,0,220.5315,74.74003,1.552617,0.02841708,0,0,0,0,2.003100395,0.029999999,7.451822237,0.0297,0.23,0.15,0.17,0.107300001,0,0.764248,0,97.96,0,2381740,0,6.510655,47.3,0.05,0.09,0.2,0.866,2,1,0.4695,0,0.83600003,0.46,6.451052924,41.61608383,5.83,0.437299997,10800,0.0385185,0.933,0.003,190,0.12,0,1,16.73912365,1,0,0.100144848,0.35862069,0.1618,0.12865,0,1,0,0
2,AGO,Angola,-0.0151,8.843,6830,0.77275497,0,0,0.005,0.166666672,1,0,258.8663,9.291969,3.462699,0.02409583,0,0,0,0,.,.,6.836259277,.,.,0.115,0.141,.,0,0.988062,0,110.38,0,1246700,0,5.73235,.,0.14,1,0.27,0,2,0,0.48,0,0,0.21,9.46,89.4916,6.72,0.41839999,4816,0.0276163,.,0.001,172,0.7,1,0,15.31595826,1,0,0.055431068,.,1,0.7491,0.44,1,0,0.0501317
3,BEN,Benin,0.0011,6.364,5040,0.68311917,0,0,0.01,0.333333343,1,0,49.4502,99.27784,12.51306,0.02396531,0,0,0,0,1.921471119,0.017999999,7.003065459,0.024800001,0.02,0.11,0.28,0.2372,0,0.847728,0,150.44,0,110620,0,1.053939,38.9,0.11,1,0.01,0.07,2,0,0.4405,0,0,0.27,4.398091665,19.3432103,7,0.407400012,2237,0.072865397,0.896,0.002,126,0.1,1,0,14.71595642,1,0,-0.024419695,0.124137931,1,0.5141,0,0,0.11,0.9797114
4,BWA,Botswana,0.0474,21.536,8760,0.3775,1,0,0.001,0.5,1,0,1178.2328,0,0.9687153,0.03314996,0,5,0,0,1.929780722,0.035,6.282266747,0.029999999,0.08,0.21,0.2,0.134000001,0,0.754614,0,62.95,0,566730,1,-4.60517,45.7,0,0.76,0.53,0,2,0,0.8515,0,0,0.42,7.561942469,57.18297391,2.06,0.475899994,481,0.033264,0.75,0.142,131,0,1,0,12.45813402,0,0,-0.049199998,0.013793103,0.7025,0.5,0,0,0.36,0.0083662
5,HVO,Burkina Faso,0.007,12.049,4480,0.54671814,0,0,0,0.5,1,0,61.4555,0,18.13231,0.02315975,0,1,0,0,1.854421258,0.017000001,6.12249281,0.018200001,0.1,0.12,0.16,0.121799998,.,0.82,0,107.66,0,273600,1,-4.60517,36.3,0,1,0,0.1,2,0,0.292,0,0,0.08,5.086383906,25.87130124,5.5,.,4452,0.0235849,0.956,0,130,0.41,1,0,14.52360152,0,0,-0.022314355,0.213793103,1,1,0,0,0,0.9880369
6,BDI,Burundi,0.0046,3.365,6600,0.01333333,0,0,0,0,1,0,8.711,0,125.1168,0.02027949,0,4,0,0,1.857235074,0.014,6.461468176,0.018300001,0.03,0.04,0.04,0.01,0,0.996008,0,114.67,0,25680,1,-4.60517,41.8,0,1,0.01,0.002,2,0,0.2215,0,0,0.18,7.299186382,53.27812185,6.83,0.404700011,2948,0.03019,0.977,0,167,0.39,1,0,14.45035043,0,0,-0.069200002,0.15862069,1,1,0.04,1,0,0
7,CMR,Cameroon,0.0024,10.73,5470,0.85204545,0,0,0.001,0.5,1,0,87.8611,19.58585,11.87936,0.02634325,0,5,0,0,1.740466237,0.024,6.463029457,0.0221,0.04,0.16,0.19,0.1439,0,0.899314,0,139.59,0,465400,0,3.888269,43.4,0.13,1,0.09,0.05,2,0,0.4345,0,0.007,0.65,6.888900542,47.45695068,6.06,0.405200005,5297,0.0347366,0.915,0.002,187,0.08,1,1,15.03792536,0,0,0.013976187,0.324137931,1,0.8641,0,0,0.16,0.2409442
8,CPV,Cape verde,0.0304,15.091,.,0.375,0,0,0.99,0.166666672,1,.,20.5765,.,.,0.02056486,0,1,0,0,1.985405564,.,6.150602768,.,.,0.059,0.035,.,.,0.9802,0,56.55,0,4033,0,.,53,.,.,0.01,0,2,0,1.065,0,0.69999999,.,.,.,5.61,0.434700012,196,0.045918401,0.882,0,.,.,1,.,11.42871743,.,0,.,0.062068966,.,.,.,.,0.13,.
9,CAF,Cent'l Afr. Rep.,-0.0252,4.331,5450,0.78555556,0,0,0,0,1,0,406.1147,0,2.6919,0.02255507,0,3,0,0,1.580215096,0.009,6.556778356,0.0231,0.06,0.21,0.36,0.325900001,0,0.992032,0,103.8,0,622980,1,-4.60517,39.3,0,1,0.03,0.004,2,0,0.67,0,0,0.32,6.340489226,40.20180363,6.83,0.386400014,1534,0.041721001,0.557,0,156,0.39,1,0,13.89241234,0,0,-0.002061926,0.24137931,1,1,0,0,0,0.4432708
10,TCD,Chad,-0.0081,10.377,4550,0.66620034,0,0,0,0,1,0,410.9661,0,2.647713,0.02024628,0,5,0,0,1.793591142,0.007,6.628041376,0.0114,.,0.229,0.252,0.2336,0,0.5392,0,218.41,0,1259200,1,-4.60517,34.9,0,.,0,0.36,2,0,0.456,0,0.30000001,0.17,5.073336015,25.73873832,6.56,0.396299988,3064,0.036879901,0.952,0,142,0.67,1,0,14.65551791,0,0,0.006453857,0.124137931,1,1,0.84,1,0,0.2969299
11,COM,Comoros,-0.0073,11.671,.,1,0,0,0.001,0.5,1,0,10.093,.,.,0.03111847,0,5,0,0,1.945910096,.,6.29710932,.,.,0.178,0.177,.,.,0.998002,0,86.51,0,2170,0,.,44.8,.,.,0.08,0.999,2,0,0.549,0,0,.,.,.,4.56,.,215,0.027907001,.,0,.,.,1,.,11.66774735,.,0,.,0.2,.,.,.,.,0.36,.
12,COG,Congo,0.0151,3.684,6330,0.66927536,0,0,0.025,0,1,0,345.6478,12.39925,2.793233,0.02747309,0,1,0,0,1.771896839,0.025,7.023758955,0.031099999,0.04,0.18,0.32,0.2669,0,0.95125,0,143,0,341500,0,5.679245,47.3,0.05,1,0.17,0,2,0,0.883,0,0,0.78,5.344503171,28.56371415,6.56,0.408199996,988,0.034412999,0.71,0,191,0.36,1,1,13.91944165,1,0,0.016126819,0.117241379,1,0.862,0,0,0,0.0275564
13,EGY,Egypt,0.0245,29.996,3250,0.02306182,1,0,0.072,0.166666672,1,0,38.4017,64.09662,21.52594,0.02379224,0,1,0,0,1.802369714,0.061999999,6.695798917,0.045000002,0.01,0.21,0.28,0.176999999,0.05,0.67591,0,287.27,0,995450,0,4.374995,46.4,0.39,0.028,0.03,0.811,1,0,0.358,0.066,0.97000003,0.66,9.214770546,84.91199621,5.11,0.424299985,25922,0.0328293,0.729,0.114,168,0.16,0,1,16.85864623,0,0,0.010265417,0.406896552,0.1658,0.124875,0.08,1,0,0
14,ETH,Ethiopia,0.003,9.007,5740,0.67708246,0,0,0.368,0.166666672,0,0,41.3377,18.25667,25.69841,0.02277152,0,0,0,0,1.759924769,0.022,5.549076085,0.0095,0.01,0.1,0.16,0.1325,0,0.340666,0,137.92,0,1000000,1,0.4469641,42.2,0.02,0.85,0,0.26,0,0,0.2465,0.363,0.002,0.07,5.807738006,33.72982075,6.67,0.445100009,24191,0.0254227,0.983,0,98,0.72,1,0,15.64281203,1,0,-0.038946468,0.103448276,1,0.9492,1,1,0,0.2629544
15,GAB,Gabon,0.0277,0.372,5790,0.79666667,0,0,0.054,0.166666672,1,0,530.1852,3.438613,1.382892,0.03023303,0,5,0,0,1.437937617,0.01,7.489412084,0.022399999,0.13,0.15,0.09,0.060600001,0,0.877262,0,115.11,0,257670,0,6.657253,40.9,0.27,1,0.22,0,2,1,1.055,0,0.06,1,6.912998762,47.78955188,6,0.324600011,486,0.063786,0.91,0.011,169,0.12,1,0,13.67562071,0,0,0.073570676,0.234482759,1,0.6198,0,0,0,0.1669023
16,GMB,Gambia,-0.0031,13.257,4660,0.78037037,1,0,0.021,0.833333313,1,0,28.4091,63.06274,25.30601,0.03000359,0,5,0,0,1.871802211,0,6.400257445,0.0211,0.01,0.22,0.2,0.1759,0,0.678592,0.001,162.64,0,10000,0,-4.60517,32.3,1,1,0,0.81,2,0,0.685,0,0,0.12,9.081664914,82.47663762,2.44,0.394499987,352,0.03125,1,0.021,150,0.05,1,0,12.26388862,0,0,-0.006317891,0,1,0.3605,0,0,0.22,0.6478711
17,GHA,Ghana,-0.0041,6.694,5190,0.70607077,1,0,0.004,0.166666672,1,0,33.5902,77.20781,24.16616,0.02727602,0,3,0,0,1.902853489,0.017999999,6.795705775,0.026000001,0.02,0.13,0.11,0.065,0,0.821496,0,158.22,0,227540,0,1.633371,45.2,0.19,1,0.02,0.05,2,0,0.3845,0,0,0.38,25.81073027,666.1937971,5.89,0.445899993,6774,0.025391201,0.994,0.042,248,0.55,1,0,15.61655281,0,0,0.029546417,0.310344828,1,0.5747,0,0,0.22,0.9240435
18,GIN,Guinea,-0.0013,11.671,4920,0.75983,0,0,0.002,0,1,0,78.3546,26.93913,12.10934,0.01917827,0,5,0,0,.,0.025,6.326149473,.,.,0.075,0.095,.,0,0.511128,0,156.68,0,245720,0,-4.60517,.,0.17,1,0.08,0.58,2,0,0.2965,0,0,.,.,.,7,0.414299995,3136,0.0248724,.,0,.,0.16,1,.,14.37685285,0,0,.,0.365517241,1,0.7507,0,0,0.2,0.4524797
19,GNB,Guinea-Bissau,0.0094,12.262,4780,0.85,0,0,0.04,0.166666672,1,0,51.8819,22.02495,11.19035,0.01900877,0,1,0,0,1.77596879,.,6.22059017,.,.,0.166,0.17,.,0,0.6802,0,77.33,0,28120,0,-4.60517,34.8,1,1,0,0.15,2,0,0.3695,0,0,0.25,27.9,778.41,6.11,.,542,0.0332103,0.988,0,190,0.31,1,0,12.51585617,0,0,.,0.206896552,1,0.2316,0,0,0.18,0.5064126
20,CIV,Cote d'Ivoire,0.0023,5.496,5260,0.8565299,0,0,0.001,0.166666672,1,0,83.7062,30.95911,10.78493,0.03845283,0,5,0,0,2.000668764,0.01,7.021083964,0.035399999,0.03,0.15,0.12,0.078600001,.,0.903102,0,90.35,0,318000,0,1.765516,39.5,0.18,1,0.03,0.05,2,0,0.641,0,0,.,6.643838032,44.14058379,5.83,0.408399999,3799,0.023690401,0.94,0,185,0,1,1,15.26357712,0,0,7.45E-09,0.213793103,1,0.6466,0,0,0,0.7828937
21,KEN,Kenya,0.0106,0.513,6650,0.82696485,1,0,0.001,0.5,1,0,68.3077,13.07549,17.49389,0.03565365,0,5,0,0,2.079441547,0.003,6.490723535,0.0361,0.04,0.16,0.15,0.1119,0,0.920864,0.005,55.74,0,569140,0,-4.60517,45,0.08,0.98,0,0.034,2,0,0.606,0,0,0.47,8.173029653,66.7984137,5.33,0.497,8332,0.0411666,0.874,0.001,131,0.05,1,1,15.51858234,0,0,-0.019574456,0.317241379,1,0.9352,0,0,0.04,0.4014696
22,LSO,Lesotho,0.0269,29.595,9320,0.2097619,1,0,0.015,0.5,1,0,34.8851,0,31.72982,0.02361016,0,5,0,0,1.757857919,0,5.746203191,0.045899998,0.03,0.11,0.08,0.029100002,0,0.802942,0,71.53,0,30350,1,-4.60517,47.7,0,0,0,0,2,0,0.802,0,0,0.83,8.898934349,79.19103256,5.22,0.405499995,870,0.039080501,0.933,0.094,126,0.05,1,0,12.5146964,0,0,-0.0162,0.075862069,0,0,0,0,0.37,0
23,LBR,Liberia,-0.0101,6.385,5260,0.80305527,0,0,0,0.166666672,0,0,92.7045,14.02777,10.4754,0.03028683,0,5,0.03,0,1.862683773,0.009,6.575075841,0.0144,0.03,0.16,0.21,0.183600001,0,0.843552,0,100.6,0,96320,0,-4.60517,41.5,0.68,1,0.1,0.02,0,0,0.972,0,0,0.31,4.19,17.5561,5.72,0.422500014,1039,0.0365736,0.973,0.064,169,0.23,1,1,13.52108983,0,0,-0.034967374,0.137931034,1,0.4435,0.04,1,0.01,0.4342088
24,MDG,Madagascar,-0.0161,18.958,8940,0.06274864,0,0,0.18,0.666666687,1,0,109.5385,8.653484,12.95668,0.0269856,0,1,0,0,1.885705113,0.013,7.082548569,0.0206,0.03,0.2,0.14,0.105399999,0,0.440978,0,207.93,0,581540,0,-0.5612563,41,0.57,1,0.08,0.005,2,0,0.372,0,0,0.52,9.234406675,85.27426664,5.22,0.411,5309,0.028065501,0.928,0.212,120,0.1,1,0,15.65970734,0,0,-0.011247791,0.206896552,0.8768,0.48897,0,0,0,0.1242512
25,MWI,Malawi,0.0095,15.811,7870,0.62243728,1,0,0.001,0.166666672,1,0,26.6591,0,42.25127,0.03012865,0,5,0,0,2.046530962,0.005,5.940171253,0.0118,0.04,0.21,0.2,0.1872,0,0.907494,0,74.5,0,94080,1,-4.60517,37.9,0,0.52,0.09,0.03,2,0,0.614,0,0,0.67,9.21520299,84.91996614,6.39,0.456200004,3529,0.026069701,0.963,0.017,116,0,1,1,14.10894108,0,0,0.004255965,0.15862069,1,1,0,0,0,0.0548084
26,MLI,Mali,-0.0038,12.508,4500,0.80856916,0,0,0,0.166666672,1,0,278.9006,0,3.925618,0.02451561,0,1,0,0,1.891604781,0.028000001,6.282266747,.,0.01,0.1,0.2,0.120999998,0,0.58,0,98.68,0,1220190,1,-4.60517,35.9,0,0.8,0.01,0.3,2,0,0.311,0,0.012,0.1,6.751831978,45.58723506,6.89,0.434199989,4375,0.0235429,0.894,0,127,0.24,1,0,14.66592855,0,0,-0.017520402,0.144827586,0.959,1,0,0,0.16,0.4011322
27,MRT,Mauritania,0.0054,17.925,4180,0.27,0,0,0,0.166666672,1,0,1034.5308,2.801948,0.9645831,0.02358584,0,3,0,0,1.871802211,0.026000001,6.65929392,0.0176,0.03,0.29,0.25,0.2094,0,0.955058,0,100.39,0,1025220,0,-4.60517,35.3,0.07,0,0.07,0.977,2,0,0.81,0,0.866,0.08,7.346666728,53.97351202,6.33,0.435699999,991,0.0282543,0.992,0,198,0.2,1,1,13.55800845,0,0,-0.038395897,0.255172414,0.8225,0.69656,0.44,1,0,0.1891727
28,MUS,Mauritius,0.0319,20.232,9590,0.70848485,1,0,0.312,0.833333313,1,0,3.0758,370.936,0,0.01632374,0,5,0,0,1.342342496,0.002,7.95927596,0.024,0.03,0.14,0.11,0.088,0,0.406899,0.545,52.5,0,2030,0,-4.60517,59.4,1,.,0,0.109,2,0,0.8305,0,0.56400001,0.98,7.766611098,60.32024795,2.17,0.464899987,660,0.0257576,0.982,0.024,126,0,1,0,14.4515158,0,0,0.073759891,0.220689655,1,0,0,0,1,0
29,MAR,Morocco,0.0312,33.593,2175,0.34797191,0,0,0.005,0.5,1,0,38.3881,51.21938,17.41801,0.02555892,0,3,0,0,1.936292648,0.027000001,6.703188113,0.0305,0.02,0.14,0.12,0.063499999,0,0.930222,0,120.1,0,446300,0,-0.7673298,46.9,0.38,0,0.03,0.964,2,0,0.396,0,0.74000001,0.47,5.809999948,33.7560994,4.17,0.448700011,11626,0.025890199,0.903,0.001,123,0.08,0,0,16.06418736,0,0,0.031845376,0.275862069,0,0,0.44,1,0.44,0
30,MOZ,Mozambique,-0.0202,18.499,9080,0.78633275,0,0,0.006,0.166666672,1,0,105.0918,14.83222,8.919816,0.02446384,0,1,0,0,1.895969272,.,7.05012252,.,.,0.175,0.261,.,0,0.928306,0,202.84,0,784090,0,2.911917,35.2,0.33,1,0.08,0.03,2,0,0.5305,0,0.012,0.48,15.4251961,237.9366748,6.5,0.408399999,7461,0.028816501,.,0.001,127,1,1,0,15.96756725,1,0,0.015028216,0.075862069,0.9029,0.36018,0.32,1,0,0.2132895
31,NER,Niger,-0.0179,13.876,4460,0.73291424,0,0,0,0.166666672,1,0,418.3289,0,2.889398,0.03161321,0,5,0,0,1.925124168,0.01,6.276643489,0.0049,0.03,0.1,0.27,0.2591,0,0.504802,0,93.3,0,1266700,1,-4.60517,35.4,0,0.76,0.08,0.451,2,0,0.2865,0,0.035,0.05,5.107618527,26.08776702,6.89,0.414700001,3028,0.0234478,0.963,0,204,0.16,1,1,14.2923011,0,0,-0.011778302,0.206896552,0.9998,1,0,0,0,0.3761396
32,NGA,Nigeria,-0.0021,6.543,4770,0.85670898,1,0,0.002,0.5,1,0,21.5287,132.9795,44.82621,0.03122711,0,4,0,0,1.931231499,0.006,6.340359304,0.0136,0.02,0.06,0.13,0.1094,0,0.60151,0,121.57,0,910770,0,5.209552,39.7,0.13,1,0.21,0.259,2,1,0.2505,0,0.002,0.36,12.52950753,156.9885589,4.89,0.454299986,42305,0.0230706,0.988,0.008,277,0.52,1,1,16.99301987,0,0,0.123214372,0.193103448,1,0.7552,0.12,1,0,0.7899764
33,RWA,Rwanda,0.0009,2.032,6460,0.06086207,0,0,0,0.166666672,1,0,8.9971,0,129.0231,0.03223426,0,1,0,0,2.051813364,0.026000001,6.285998095,0.025599999,0,0.11,0.2,0.1484,0,0.996008,0,172.36,0,24670,1,3.520922,46.5,0,1,0,0.002,2,0,0.285,0,0,0.49,8.726076099,76.14440408,6.33,0.445100009,2742,0.0237053,0.992,0,165,0.14,1,0,14.20244095,0,0,-0.030318633,0.172413793,1,1,0,0,0,0
34,SEN,Senegal,-0.0067,14.772,4757,0.77886822,0,0,0.018,0.166666672,1,0,60.411,47.15005,9.656407,0.02780182,0,4,0,0,1.867021561,0.011,6.953684211,0.0187,0.02,0.21,0.28,0.2543,0,0.569848,0,100.48,0,192530,0,-4.60517,39.6,0.59,1,0,0.7,2,0,0.593,0,0.001,0.27,5.909434506,34.92141618,4.33,0.426600009,3187,0.030122399,0.811,0,146,0.04,1,0,15.02051953,0,0,0.035020247,0.234482759,1,0.4321,0,0,0,0.8486041
35,SYC,Seychelles,0.0323,4.664,.,0,1,0,0.834,0.833333313,1,0,.,.,.,.,0,1,0.03,0,.,.,7.137278437,.,.,0.172,0.214,.,.,0.714754,0.02,144.26,0,455,0,.,.,.,.,0,0.003,2,0,0.776,0,0.018,.,.,.,4.92,.,.,.,0.995,0.137,.,0.57,1,.,.,.,0,.,0.131034483,.,.,.,.,0.07,.
36,SLE,Sierra Leone,0.0102,8.701,5080,0.8129566,1,0,0.003,0.333333343,1,0,31.9589,41.31525,27.45249,0.02026958,0,5,0,0,1.863149524,0.007,.,0.0244,0,.,.,0.2333,0,0.742798,0,.,0,71620,0,-4.60517,31.5,0.49,1,0.06,0.1,2,0,0.625,0,0,0.23,22.14643639,490.4646446,5.22,0.401800007,2241,0.0307898,0.374,0.042,201,0.38,1,1,.,0,0,-0.014165051,0.227586207,1,0.4978,0,0,0,0.8135281
37,SOM,Somalia,0.0025,10.633,6700,0.07911601,1,0,0.001,0.166666672,1,0,213.7445,8.200823,5.587812,0.03167766,0,1,0,0,1.902256727,.,7.005789019,0.0071,0.01,0.1,0.08,0.145400001,0,0.998002,0,60.31,0,627340,0,0.9225517,36.1,0.44,1,0,0.999,2,0,0.344,0,0,0.09,23.3,542.89,7,0.416,2935,0.0293015,0.938,0,176,0.28,1,0,14.99025175,0,0,-0.052806746,0.096551724,1,0.4658,1,1,0,0.5610647
38,ZAF,South africa,0.0123,29.13,8930,0.83098177,1,0,0.014,0.333333313,1,0,70.1908,30.37214,12.78999,0.02354366,0,3,0.09,0,1.742218971,0.017000001,7.69211334,0.026573999,0.11,0.12,0.16,0.116426,0.03,0.482688,0.01,85.17,0,1221040,0,1.104249,49.2,0.2,0,0.11,0.006,0,0,0.51,0,0,0.89,9.72576489,94.59050271,4.78,0.400900006,17396,0.038629599,0.528,0.388,72,0.04,1,1,17.45610891,0,0,-0.017719675,0.082758621,0.0378,0,0.44,1,0.09,0.002942
39,SDN,Sudan,-0.0014,14.043,4730,0.51218001,1,0,0,0.166666672,1,0,212.8079,4.765792,5.211964,0.02751821,0,4,0,0,1.899117947,0.018999999,6.549895019,0.0176,0,.,.,0.268699999,0,0.5288,0,.,0,2376000,0,2.91721,38.8,0,0.89,0,0.62,2,0,0.323,0,0.51999998,0.25,17.36435176,301.5207121,5.39,0.442499995,11165,0.0294671,0.999,0,163,0.68,1,0,15.87043418,0,0,0.025131442,0.082758621,1,0.9796,0.08,1,0.15,0.3102262
40,SWZ,Swaziland,0.0234,26.545,.,0,1,0,0,0.833333313,1,0,52.1472,.,.,0.02921291,0,5,0,0,1.871802211,0,7.129297549,0.0184,.,0.269,0.347,0.3286,0,0.982162,0,84.38,0,17000,1,.,40.4,.,.,0.01,0,2,0,1.293,0,0,0.58,8.687344007,75.4699459,5.33,0.432399988,326,0.0276074,.,0.009,140,0.05,1,0,12.91619493,0,0,-0.0162,0.213793103,.,.,0,0,0.35,.
41,TZA,Tanzania,0.0038,2.154,7340,0.89024691,1,0,0.018,0.166666672,1,0,88.1299,25.41653,12.16442,0.03354528,0,0,0,0,1.865009904,0.018999999,5.765191103,0.0265,0.08,0.13,0.27,0.219500001,0,0.824286,0.001,107.24,0,883590,0,2.705357,40.6,0.09,0.98,0,0.07,2,0,0.5535,0,0,0.25,13.49583138,182.1374646,6,0.458900005,10026,0.0286256,0.872,0.006,216,0.05,1,0,14.9781281,0,0,0,0.262068966,1,0.8399,0.08,1,0,0.072123
42,TGO,Togo,-0.0014,6.194,5120,0.72848684,0,0,0.005,0.333333343,1,0,35.9247,74.31586,20.96762,0.02799285,0,1,0,0,1.871802211,0.008,5.905361848,0.019300001,0.07,0.29,0.26,0.229699999,0,0.907938,0,86.5,0,54390,0,-4.60517,39.5,0.16,1,0.09,0.04,2,0,0.7905,0,0,0.44,4.595247951,21.11630373,6.67,0.425300002,1514,0.035667099,0.944,0.003,141,0.16,1,1,13.22787228,0,0,0.069314711,0.131034483,1,0.5758,0,0,0,0.9485388
43,TUN,Tunisia,0.0328,36.816,1740,0.0702522,0,0,0.074,0.333333343,1,0,36.8064,51.07906,10.18829,0.02237227,0,4,0,0,1.868874788,0.018999999,7.003974137,0.036899999,0.06,0.18,0.17,0.115100002,0.01,0.773602,0,110.44,0,155360,0,4.074633,48.6,0.47,0,0.08,0.875,2,0,0.5205,0,0.986,0.66,5.493856035,30.18245414,5.61,0.433699995,4221,0.041696299,0.808,0.001,104,0,0,0,15.35180148,0,0,0.043078288,0.379310345,0,0,0,0,0.13,0
44,UGA,Uganda,0.0137,0.228,6220,0.8357907,1,0,0.038,0,1,0,30.4252,0,40.30553,0.03483751,0,3,0,0,1.932245731,0.003,6.393590754,0.018999999,0.01,0.12,0.19,0.170000001,0,0.834488,0,170.59,0,199650,1,-4.60517,43.2,0,0.86,0,0.02,2,0,0.202,0,0,0.49,35.26621877,1243.706186,5.78,0.466899991,6562,0.0263639,0.996,0.03,155,0.43,1,1,15.18264147,0,0,-0.004167274,0.172413793,1,1,0.28,1,0.16,0.1427699
45,ZAR,Zaire,-0.0318,0.569,6420,0.87225288,0,0,0.008,0.166666672,1,0,148.0764,30.75152,7.652775,0.02778447,0,3,0,0,1.796912909,0.024,6.192362489,0.027000001,0.04,0.12,0.2,0.152999999,0,0.960536,0,429.52,0,2267050,0,0.9401177,42.1,0.01,1,0.05,0.006,2,0,0.285,0,0,0.6,35.71159989,1275.318366,6.56,0.440299988,15310,0.029457901,0.932,0.006,201,0.27,1,1,15.82862398,0,0,-0.020479448,0.206896552,1,0.9892,0.04,1,0,0.2060904
46,ZMB,Zambia,-0.0188,12.942,7820,0.82939767,1,0,0.001,0.333333343,1,0,236.673,0,4.861513,0.03339606,0,1,0,0,1.90106225,0.015,6.872128101,0.015900001,0.24,0.22,0.22,0.184099999,0,0.996006,0,48.33,0,743390,1,-4.60517,41.8,0,1,0.2,0,2,0,0.89,0,0,0.42,17.39972522,302.7504379,5.11,0.451799989,3141,0.023559401,0.998,0.001,206,0.05,1,1,14.9244246,0,0,-0.031845365,0.262068966,1,1,0,0,0.04,0.0248996
47,ZWE,Zimbabwe,0.0097,17.876,8190,0.59863636,1,0,0.012,0.333333343,1,0,101.4822,0,11.54453,0.03095594,0,3,0.07,0,2.044202805,0.015,6.896694332,0.0163,0.06,0.17,0.1,0.0687,0,0.922424,0,73.74,0,386850,1,-4.60517,45.5,0,1,0.06,0.002,2,0,0.632,0,0,0.96,7.432394599,55.24048947,4.83,0.4551,3812,0.0285939,0.656,0.026,164,0.3,1,1,15.1426036,1,0,-0.043400001,0.034482759,1,1,0.24,1,0,0.065867
48,BHS,"Bahamas, The",.,24.7,.,0,1,0,0.1,0.833333313,1,0,.,.,.,.,0,3,0.87,0,.,.,.,.,.,.,.,.,.,0.774456,0,.,1,10070,0,.,63.39998682,.,.,.,0,2,0,.,0,0,.,.,.,1.5,.,.,.,0.954,0.874,.,0,0,.,.,.,0,.,0.179310345,.,.,.,.,.,.
49,BRB,Barbados,0.0268,13.179,.,0.07333333,1,0,0.005,1,1,0,2.1645,.,.,0.00356361,0,5,1,0,1.140713453,0.002,7.888334501,0.025699999,0.03,0.09,0.09,0.064300001,0.01,0.988062,0,99.27,1,500,0,.,65.79999475,.,.,0.01,0,2,0,1.3415,0,0,1,7.462760744,55.69279792,1,0.380899996,231,0.064935103,0.746,0.994,110,0,0,0,13.33075221,0,0,0.047445804,0.24137931,.,.,0,0,1,.
50,CAN,Canada,0.0221,43.727,540,0.37618758,1,0,0.416,1,1,0,514.8791,13.4373,1.889658,0.01342323,0,5,0.61,1,0.842859507,0.039999999,8.889859588,0.036499999,0.03,0.17,0.13,0.053500001,0.16,0.496884,0,103.62,0,9220970,0,5.946301,71.1,0.05,0,0.03,0,0,0,0.4305,0.003,0.243,1,5.395501231,29.11143354,1,0.335399985,17909,0.074990198,0.488,0.569,83,0,0,1,18.68291825,0,0,0.01463953,0.186206897,0,0,0,0,0.96,0
51,CRI,Costa Rica,0.0102,9.941,3575,0.05321429,0,0,0.985,1,1,0,41.3107,29.02468,0,0.03017546,0,3,0.02,0,1.623143554,0.011,7.647786045,0.035,0.03,0.14,0.2,0.155,0.05,0.970352,0,82.73,1,51060,0,-4.60517,61.9,1,0.00088,0.04,0,0,0,0.638,0,0.89099997,0.96,11.81638657,139.6269915,1,0.474,1236,0.032362498,0.803,0.011,91,0,0,0,14.76742168,0,1,-0.027087498,0.324137931,1,0.0001,0,0,0.42,0.2598258
52,DMA,Dominica,.,15.433,.,0.5,1,0,0.94,0.666666687,1,0,.,.,.,.,0,5,0.29,0,.,.,.,.,.,.,.,.,.,0.8872,0,.,1,754,0,.,.,.,.,0.01,0,2,0,.,0,0.778,.,.,.,2,.,.,.,0.807,0.06,.,0.45,0,.,.,.,0,.,0.137931034,.,.,.,.,.,.
53,DOM,Dominican Rep.,0.0255,18.561,2420,0.01083056,0,0,0.978,0.833333313,1,0,14.9737,78.66887,0,0.02682861,0,3,0,0,1.814336061,0.039000001,7.085901464,0.0187,0.05,0.17,0.18,0.120299999,0.01,0.956888,0,90.57,1,48380,0,-4.60517,52.2,1,0.938,0.02,0,0,0,0.431,0,0.87,0.98,11.2942313,127.5596607,2.17,0.468199998,3231,0.0303312,0.804,0.002,129,0.36,0,0,15.16644843,0,0,0.065232515,0.179310345,1,0,0.04,1,0,0
54,SLV,El Salvador,0.0081,13.775,3350,0.05142857,0,0,0.98,0.666666687,1,0,8.0623,145.0772,0,0.02234435,0,3,0,0,1.848454833,0.012,7.263329617,0.022399999,0.01,0.12,0.17,0.134600001,0.01,0.9608,0,87.74,1,20720,0,-4.60517,50.8,1,0.00194,0,0,0,0,0.567,0,0.92299998,0.8,9.402941695,88.41531252,3.28,0.451,2570,0.0256809,0.713,0,132,0.56,0,0,15.1149908,0,1,-0.010536052,0.04137931,1,0.012,0.36,1,0.4,0.0472396
55,GRD,Grenada,.,12.115,.,0,1,0,0.574,0.666666687,1,0,.,.,.,.,0,3,1,0,.,.,.,0.053599998,.,.,.,.,.,0.506728,0.001,.,1,340,0,.,.,.,.,0,0.001,2,0,.,0,0,.,.,.,3.17,.,.,.,0.962,0.421,.,0.27,0,.,.,.,0,.,0.172413793,.,.,.,.,.,.
56,GTM,Guatemala,0.0123,14.622,3300,0.47666667,0,0,0.994,0.666666687,1,0,27.3537,72.5593,19.59408,0.02794586,0,3,0,0,1.87824297,0.009,7.414572881,0.0156,0.02,0.09,0.09,0.063400001,0.02,0.988072,0,74.07,1,108430,0,3.274858,45.9,0.42,0.0204,0,0,0,0,0.3795,0,0.588,0.45,7.808746885,60.97652791,4,0.46,3964,0.026488399,0.72,0,109,0.51,0,0,15.69958178,0,1,-0.02144099,0.434482759,1,0.3144,0.08,1,0.42,0.1227499
57,HTI,Haiti,-0.0087,18.932,2500,0.06440476,0,0,0.952,0.166666672,1,0,7.2393,150.3266,0,0.01761677,0,3,0,0,1.780192852,0.025,6.828712072,0.0153,0,0.09,0.16,0.1177,0,0.908608,0,100.91,1,27560,0,-4.60517,42.4,1,1,0,0,0,0,0.291,0,0.075,0.46,6.447132118,41.56551255,6.5,0.409299999,3807,0.050433401,0.744,0.048,114,0.16,0,0,15.07330883,0,0,-0.0288,0.15862069,1,0,0.2,1,0,0.2065545
58,HND,Honduras,0.0073,14.194,3220,0.09735931,0,0,0.97,0.666666687,1,0,57.8243,21.19768,17.77783,0.033245,0,3,0,0,1.994564295,0.017000001,6.946013991,0.0211,0.03,0.14,0.15,0.1109,0.01,0.9418,0,72.95,1,111890,0,-4.60517,46.8,0.67,0.00324,0.01,0,0,0,0.615,0,0.84299999,0.67,5.795408754,33.58676263,4.06,0.455900013,1935,0.022739001,0.919,0,156,0.32,0,1,14.5138766,0,1,-0.0287682,0.137931034,1,0.3687,0.08,1,0.36,0.1319818
59,JAM,Jamaica,0.0113,18.055,2560,0.0125,1,0,0.02,0.833333313,1,0,6.6483,162.5115,0,0.01432883,0,5,0.94,0,1.664115548,0.004,7.480428306,0.020099999,0.09,0.1,0.07,0.0409,0.02,0.830924,0.003,85.12,1,10830,0,-4.60517,63,1,0,0.09,0.003,2,0,0.757,0,0,0.92,11.50717375,132.4150478,1.72,0.417100012,1629,0.042971101,0.471,0.909,139,0,0,0,14.87614991,0,0,0.024116211,0.172413793,1,0,0.04,1,0.42,0
60,MEX,Mexico,0.0176,16.759,3360,0.17407407,0,0,0.988,0.666666687,1,0,51.8819,17.43064,24.48998,0.02852864,0,3,0,0,1.863770008,0.007,7.950149888,0.0134,0.06,0.07,0.06,0.0436,0.03,0.976218,0,55.77,1,1972550,0,5.96945,57.3,0.37,0.00013,0.03,0,0,0,0.1605,0,0.88,0.8,22.68623604,514.6653057,3.67,0.456200004,38020,0.0330089,0.675,0.003,71,0,0,0,18.4960175,0,1,0,0.510344828,0.4659,0.36775,0,0,0.2,0.1124655
61,NIC,Nicaragua,-0.0114,12.211,3440,0.09917957,0,0,0.972,0.666666687,1,0,81.3128,17.2196,9.764009,0.03169357,0,3,0.01,0,1.930796504,0.017999999,7.381501895,0.0165,.,0.094,0.084,0.049500001,0.01,0.945304,0,54.01,1,121400,0,-4.60517,47.3,0.63,0.00528,0.04,0,0,0,0.6075,0,0.64600003,0.66,43.73216834,1912.502548,5.11,0.479699999,1493,0.023442701,0.839,0.006,103,0.2,0,0,14.69004469,1,1,-0.017062545,0.4,1,0.3087,0.24,1,0.33,0.3303121
62,PAN,Panama,0.0243,9.206,3590,0.19083333,0,0,0.87,0.166666672,1,0,64.8345,17.50638,0,0.0249909,0,3,0.14,0,1.6572752,0.005,7.362010551,0.036499999,0.08,0.14,0.22,0.182500001,0.05,0.76685,0,87.23,1,74430,0,-4.60517,60.9,1,0.24564,0,0.005,0,0,0.8065,0,0.69499999,0.96,3.28106413,10.76538182,5.72,0.434899986,1148,0.040069699,0.964,0.095,129,0.16,0,0,14.40778713,0,1,-0.028030194,0.475862069,1,0,0,0,0.28,0.4596233
63,LCA,St.Lucia,.,13.898,.,0.58333333,1,0,0.823,0.666666687,1,0,.,.,.,.,0,5,0.17,0,1.768149614,.,.,.,.,.,.,.,.,0.701724,0.019,.,1,610,0,.,57.99999501,.,.,.,0.003,2,0,.,0,0.667,.,.,.,1.67,.,.,.,0.918,0.155,.,0,0,.,.,.,0,.,0.172413793,.,.,.,.,.,.
64,VCT,St.Vincent & Grens.,.,13.254,.,0,1,0,0.05,0.833333313,1,.,.,.,.,.,0,5,1,0,1.759580612,.,.,.,.,.,.,.,.,0.884342,0,.,1,389,0,.,59.80000844,.,.,.,0,2,0,.,0,0,.,.,.,1.83,.,.,.,0.984,0.939,.,.,0,.,.,.,0,.,0,.,.,.,.,.,.
65,TTO,Trinidad & Tobago,0.0216,10.418,3600,0.23126984,1,0,0.326,0.666666687,1,0,6.0854,174.6589,0,0.01398711,0,3,0.93,0,1.316944242,0.004,8.635331719,0.020400001,0.07,0.12,0.05,0.023599999,0.01,0.316388,0.252,83.47,1,5130,0,6.792399,63.9,1,0,0.16,0.038,2,0,0.871,0,0.036,0.88,8.567598276,73.40374022,1.56,0.430500001,843,0.039145902,0.869,0.381,96,0.05,0,0,15.37229868,0,0,0.009097189,0.082758621,1,0,0,0,0,0
66,USA,United States,0.0227,34.36,140,0.20903141,1,0,0.18,1,1,0,50.695,71.91255,14.83697,0.01101123,0,5,0.89,1,0.858237803,0.088,9.199784858,0.0383,0.03,0.21,0.16,0.0317,0.32,0.53531,0,84.59,0,9159120,0,4.825243,69.8,0.26,0,0.02,0,0,0,0.1155,0.007,0.089,1,4.949021976,24.49281852,1,0.310400009,180671,0.092311397,0.298,0.704,90,0,0,0,21.30421783,0,0,-0.019166112,0.075862069,0.0018,0,0.32,1,1,0.0009406
67,ARG,Argentina,0.0102,36.676,8570,0.17693182,0,0,0.975,0.666666687,1,0,132.7459,12.4985,7.530861,0.01525467,0,5,0,0,1.133657575,0.021,8.403352375,0.022299999,0.05,0.12,0.13,0.084700001,0.11,0.950852,0,88.21,1,2736690,0,4.518682,65.2,0.2,0,0.02,0.001,0,0,0.1305,0.001,0.83600003,0.98,88.98391649,7918.137394,3.94,0.307799995,20616,0.0554424,0.861,0.007,113,0.96,0,0,18.33717513,0,1,-0.010536052,0.455172414,0.0268,0,0.36,1,0.09,0.0022708
68,BOL,Bolivia,0.0035,15.19,6500,0.59941176,0,0,0.936,0.5,1,0,316.3302,0,3.456353,0.02513803,0,3,0,0,1.87610054,0.016000001,7.045776577,0.015799999,0.05,0.1,0.15,0.1212,0.04,0.880192,0,38.01,1,1084380,1,4.301883,42.8,0.02,0.01089,0.08,0,0,0,0.5395,0,0.37200001,0.64,46.5771464,2169.430567,4.11,0.42809999,3428,0.031796999,0.969,0,181,1.19,0,0,15.18550886,0,1,0.015762903,0.296551724,1,1,0,0,0.73,0.2040449
69,BRA,Brazil,0.0294,19.557,7700,0.05578093,0,0,0.953,0.333333343,1,0,116.4905,36.76809,7.235476,0.02452847,0,3,0,0,1.6146245,0.017000001,7.486613313,0.0041,0.06,0.16,0.14,0.119899999,0.02,0.909588,0,48.22,1,8456510,0,2.844228,54.9,0.21,0.4005,0.02,0.001,0,0,0.1485,0,0.99800003,0.95,72.06442952,5193.282002,3.39,0.435699999,72594,0.028969301,0.858,0.009,97,0.12,0,0,18.67925087,0,0,-0.016507976,0.489655172,0.9308,0.3378,0,0,0.09,0.3340699
70,CHL,Chile,0.0233,33.554,8290,0.050625,0,0,0.96,0.833333313,1,0,98.3452,9.127183,15.93215,0.01830214,0,5,0,0,1.396739602,0.023,7.967280179,0.0262,0.06,0.12,0.2,0.1518,0.04,0.922614,0,60.49,1,748800,0,3.702573,57.3,0.68,0,0.16,0,0,0,0.29,0,0.93099999,1,41.64233208,1734.083821,5.78,0.393900007,7614,0.047412701,0.956,0.007,100,0.2,0,0,16.90502412,0,1,-0.031845376,0.282758621,0.1625,0.054,0.04,1,0.42,0
71,COL,Colombia,0.0229,4.788,4030,0.05579602,0,0,0.798,0.833333313,1,0,65.1672,30.34203,15.43562,0.02443978,0,3,0,0,1.685101748,0.017000001,7.428927195,0.023,0.05,0.1,0.1,0.059999999,0.02,0.677206,0,61.33,1,1038700,0,4.298068,53.2,0.28,0.26418,0.06,0,0,0,0.2725,0,0.98000002,0.77,16.96709519,287.8823191,2.11,0.46329999,15939,0.032185201,0.919,0,81,0,0,0,17.10545141,0,1,0.002061933,0.344827586,1,0.7533,0.32,1,0.09,0.5668132
72,ECU,Ecuador,0.0154,2.062,4580,0.32535714,0,0,0.877,0.666666687,1,0,62.7328,30.30622,11.7418,0.0294809,0,3,0,0,1.848139763,0.021,7.286876412,0.0155,0.08,0.11,0.17,0.132500001,0.03,0.784258,0,26.54,1,276840,0,4.906961,53.4,0.38,0.2135,0.1,0,0,0,0.4015,0,0.71399999,0.83,15.70970758,246.7949121,3.72,0.448199987,4413,0.0401088,0.983,0,113,0.56,0,1,15.67918642,0,1,0.030228086,0.386206897,1,0.4694,0,0,0.84,0.3890733
73,GUY,Guyana,0.0056,5.761,.,0.23777778,1,0,0.08,0.833333313,1,0,377.8559,.,.,0.01227279,0,1,0.82,0,1.592495203,0.033,7.375255778,0.028999999,0.12,0.16,0.23,0.170000001,0,0.339918,0.25,52.43,1,215000,0,.,60.2,.,.,0.09,0.063,2,0,1.165,0,0,1,9.422017882,88.77442097,4.28,0.485100001,569,0.0333919,0.969,0.507,117,0,0,0,13.71913621,1,0,0.040546507,0.275862069,.,.,0,0,0.16,.
74,PRY,Paraguay,0.0263,25.583,7580,0.41111111,0,0,0.966,0.166666672,1,0,223.9572,0,5.162346,0.02977306,0,3,0,0,1.793923736,0.017000001,7.070724107,0.0138,0.01,0.09,0.15,0.118199999,0.02,0.934312,0,92.6,1,397300,1,-4.60517,63.9,0.32,0.034,0,0,0,0,0.2995,0,0.036,0.98,11.72571792,137.4924608,4.94,0.460599989,1774,0.0326945,0.911,0,141,0.08,0,0,14.55171627,0,1,-0.028768204,0.234482759,0.5614,0.5,0,0,0.13,0.1502231
75,PER,Peru,0.0099,11.794,5940,0.43159091,0,0,0.946,0.333333343,1,0,128.8893,28.76789,4.808678,0.02620731,0,3,0,0,1.809271932,0.027000001,7.610357618,0.024499999,0.04,0.12,0.15,0.0935,0.04,0.897726,0,61,1,1280000,0,3.923134,48,0.24,0.00255,0.02,0,0,0,0.3255,0,0.56400001,0.83,60.61483112,3674.157752,3.78,0.433200002,9931,0.034336898,0.985,0.001,83,0.28,0,0,16.81377408,0,1,0.002247281,0.455172414,1,0.5032,0.04,1,0.49,0.4591777
76,SUR,Suriname,0.0023,5.605,.,0.75,0,0,0.25,0.833333313,1,0,562.069,.,.,0.01208526,0,3,0,0,1.723659039,.,7.592366129,0.052999999,.,0.343,0.219,.,.,0.21281,0.264,213.19,1,163000,0,.,61.39999208,.,.,0.03,0.1,2,0,1.0875,0,0.015,1,8.513709872,72.48325578,4.06,0.475600004,290,0.041379299,0.94,0.212,126,0.57,0,0,13.26224705,.,0,0.00210534,0.179310345,.,.,0,0,0.17,.
77,URY,Uruguay,0.0122,34.822,8560,0.06666667,0,0,0.612,0.5,1,0,68.8771,35.73729,6.170832,0.00672159,0,3,0,0,1.065400124,0.014,8.286017468,0.0241,0.02,0.15,0.09,0.0549,0.08,0.513184,0,125.23,1,174810,0,-4.60517,67.3,0.49,0,0,0,0,0,0.2765,0,1,1,44.13368305,1947.781979,4.22,0.278499991,2538,0.081166297,0.796,0.016,92,0,0,0,16.12514912,0,1,-0.034032583,0.668965517,0,0,0,0,0.11,0
78,VEN,Venezuela,0.0029,9.843,3530,0.0525,0,0,0.929,0.833333313,1,0,117.5753,29.15127,4.215568,0.03261863,0,3,0,0,1.692491531,0.018999999,8.75431854,0.017999999,0.04,0.08,0.08,0.043000001,0.04,0.867942,0,98.62,1,882050,0,7.863266,59.8,0.56,0.09504,0.11,0,0,1,0.423,0,0.96899998,1,9.988426922,99.76867237,1.22,0.461,7502,0.024393501,0.985,0.001,109,0.32,0,1,17.67724347,0,1,0.111923158,0.35862069,1,0.455,0,0,0.31,0.4942922
79,AFG,Afghanistan,-0.0029,.,5360,0.44844118,1,0,0,0.333333343,1,0,60.5188,0,.,0.00657231,0,.,.,0,.,.,.,.,.,.,.,.,0,0.990042,0.001,.,0,652090,1,2.779171,.,0,0.00246,.,0.995,1,0,.,0,.,0.1,11.75999995,138.2975989,6.78,0.424800009,10775,0.020788901,.,0,.,0.52,0,0,.,1,0,0.015415065,0.103448276,0,0,.,1,.,0
80,BHR,Bahrain,.,26.024,.,.,1,0,0,0.333333343,1,0,4179.4872,.,.,0.0407911,0,3,0,0,1.86019659,.,.,.,0.16,.,.,.,0,0.994025,0,.,0,652000,0,.,57,.,.,0.16,0.997,2,1,.,0,0.80000001,0.47,.,.,5.22,.,156,0.025641,0.833,0.004,.,0.07,0,.,.,.,0,0.035999998,0.027586207,.,.,.,.,.,.
81,BGD,Bangladesh,0.011,23.88,4900,0,1,0,0.001,0.5,1,0,2.5316,412.9494,471.4697,0.02711065,0,3,0,0,1.93268013,0.003,6.858565035,0.004,0.02,0.07,0.23,0.218,0.01,0.537412,0.327,50.65,0,130170,0,2.441871,43.6,0.96,0.632,0,0.656,2,0,0.215,0,0,0.47,10.59391256,112.2309834,4.5,0.407700002,51419,0.0371264,.,0,70,0.62,0,0,17.70632807,0,0,0,0.213793103,0.4035,0.05304,0.04,1,0,0.3283631
82,BUR,Myanmar (Burma),0.0126,17.679,4800,0.38396854,1,0.889999986,0.003,0.333333343,1,0,30.2377,45.29229,33.73949,0.02168385,0,1,0,0,.,0.061999999,5.755742214,.,0.06,0.22,0.23,.,0.01,0.756368,0.028,110.16,0,657550,0,3.160882,.,0.28,.,0.01,0.032,2,0,0.1795,0,0.007,0.56,7.928333276,62.85846854,6.89,0.410299987,21746,0.0341212,0.985,0.019,90,0.36,0,0,15.74292733,0,0,-0.041499998,.,1,0.7081,0.04,1,0,0.2625372
83,CHN,China,0.0407,29.561,2100,0.23332644,0,0.319999993,0.003,0,0,0.319999993,14.1848,282.7856,65.44478,0.01796106,1,0,0,0,1.681386352,.,6.340359304,.,0.13,0.09,0.12,.,.,0.65439,0,80.03,0,9326410,0,2.78447,46.4,0.12,0.04784,0.05,0.051,0,0,0.067,0,0.94,.,3.887909593,15.115841,6.33,0.389800012,657492,0.048318502,0.296,0.001,.,0.04,0,.,19.73654718,1,0,0.0128,0.117241379,0.0313,0.07848,.,0,0,0.0004092
84,HKG,Hong Kong,0.0594,22.704,2940,0.23682118,1,0.300000012,0.01,0.833333313,1,0.300000012,0.322,3729.293,0,0.02176398,1,5,0,0,1.243866444,0.004,7.717351272,0.016799999,0.02,0.08,0.04,0.0162,0.04,0.80589,0.001,70.6,0,990,0,-4.60517,66,1,0.046,0,0.003,0,0,1.693,0,0.98000002,0.87,6.209206581,38.55424637,3.61,0.408899993,3075,0.0279675,0.041,0.012,116,0,0,1,15.74841145,0,0,0.0174,0,1,0,0,0,1,0
85,IND,India,0.0246,25.274,5860,0.74219749,1,0.01,0.007,0.666666687,1,0,6.7214,238.6484,153.134,0.02211792,0,3,0,0,1.761128426,0.028000001,6.64118217,0.021,0.05,0.09,0.33,0.280999999,0.03,0.684086,0.815,57.24,0,2973190,0,1.827014,42.5,0.25,0.13186,0.02,0.137,2,0,0.095,0.001,0,0.61,7.293533844,53.19563594,2,0.397399992,442344,0.034321699,0.48,0.009,94,0.12,0,0,19.64102531,0,0,-0.019845098,0.248275862,0.5119,0.3929,0.04,1,0.02,0.4592453
86,IDN,Indonesia,0.0445,6.562,5800,0.69056787,0,0.01,0.001,0.333333343,1,0,18.8325,76.17235,8.972233,0.02188637,1,3,0,0,1.69322741,0.041999999,6.458338283,0.0174,0.05,0.1,0.13,0.0656,0.01,0.380444,0.02,40.19,0,1811570,0,4.00041,41.5,0.75,0.41678,0.12,0.4,2,1,0.298,0,0.009,0.71,36.55125238,1335.994051,5,0.4,96194,0.033359699,0.986,0.012,98,0.28,0,1,17.93246055,0,0,0.073570684,0.068965517,1,0.044,0.04,1,0.56,0.4465247
87,IRN,"Iran, I.R. of",0.0226,35.38,4100,.,0,0,0.008,0.166666672,0,0,80.5872,9.541427,15.6984,0.03106911,0,3,0,0,1.898369193,0.039999999,7.988203597,0.023,.,0.089,0.044,0.01,0.01,0.96247,0,41.46,0,1636000,0,7.627563,46,0.1,0.26656,0.05,0.981,2,1,0.4515,0.006,0.025,0.42,10.13793355,102.7776968,5.44,0.470699996,20301,0.021033401,0.96,0.004,102,0.24,0,1,17.90662902,0,0,0.132687092,0.075862069,0,0,0.24,1,0,0.0033799
88,IRQ,Iraq,-0.0194,33.314,3760,.,1,0,0.036,0,1,0,63.8776,.,.,0.03404963,0,0,0,0,1.967112303,0.074000001,8.139440522,0.0405,.,0.152,0.193,0.078499999,0.02,0.804706,0,88.96,0,437370,0,8.121276,46,0.01,0.013,0.41,0.895,1,1,0.616,0.025,0.63999999,0.65,7.858537867,61.75661741,6.89,0.461199999,6847,0.0243902,0.784,0.028,133,0.8,0,1,16.9710064,1,0,0.140691355,0.44137931,0,0,0.32,1,0,0
89,ISR,Israel,0.0303,32.084,3300,0.32705571,1,0,0.065,0.666666687,1,0,9.754,131.6355,21.76648,0.02606402,0,4,0,0,1.326278925,0.064000003,8.153925132,0.036800001,0.05,0.18,0.24,0.142199996,0.1,0.705736,0,94.21,0,20620,0,-0.2219437,71.7,0.92,0,0.01,0.833,2,0,0.638,0.046,0.338,0.98,35.029214,1227.045833,2,0.360399991,2114,0.0487228,0.295,0.015,110,0,0,0,15.8102623,0,0,-0.01566191,0.303448276,0,0,0.08,1,0.22,0
90,JPN,Japan,0.0467,35.712,140,0.00988028,0,0.870000005,0.004,1,0,0,4.0014,272.176,113.0167,0.00946822,1,5,0,0,0.739076078,0.01,7.990915463,0.0317,0.07,0.1,0.12,0.0803,0.09,0.671693,0,75.02,0,376520,0,0.1145113,67.7,0.94,0,0,0,0,0,0.205,0.001,0,1,5.4221037,29.39920853,1.44,0.302300006,94096,0.057356302,0.067,0.006,118,0,0,1,19.44298628,0,0,-0.019352168,0.275862069,0,0,0,0,0.73,0
91,JOR,Jordan,0.014,31.602,3390,0.02971938,1,0,0.038,0.166666672,1,0,52.4661,21.18003,11.40062,0.02837903,0,5,0,0,2.054240704,0.165999994,7.057897937,0.032900002,0.08,0.41,0.21,0.012100004,0.01,0.88917,0,96.95,0,88930,0,3.25743,47.2,0.15,0,0.04,0.942,2,0,0.5545,0.024,1,0.77,6.435387508,41.41421238,5.72,0.444099993,1695,0.040708002,0.838,0.019,116,0.2,0,0,14.49333596,0,0,0.024783626,0.117241379,0,0,0.08,1,0.67,0
92,KOR,Korea,0.0636,37.553,1150,0,0,0.159999996,0.004,0.166666672,0,0.600000024,3.9487,310.6865,111.1199,0.01859395,1,3,0,0,1.454186559,0.050999999,6.80682936,0.0352,0.05,0.14,0.15,0.061800001,0.05,0.679174,0,65.71,0,98730,0,-4.60517,54.2,0.89,0,0.01,0,2,0,0.4195,0,0,0.94,11.37342385,129.35477,4.44,0.419499993,25003,0.033275999,0.234,0.001,110,0.4,0,1,16.93358046,0,0,-0.006744131,0.020689655,0,0,0,0,0.6,0
93,KWT,Kuwait,.,29.326,4300,.,1,0,0.002,0.5,1,0,64.1007,26.41467,26.87177,0.06821097,0,2,0,0,1.968230605,0.011,.,0.0184,0.05,.,.,.,0,0.994014,0,.,0,17820,0,10.59472,59.8,0.95,.,0.31,0.997,2,1,.,0.001,0.889,1,6.256182732,39.13982238,5,0.34889999,278,0.0215827,0.952,0.001,.,0.08,0,0,.,0,0,0.144099995,0.096551724,0,0,0,0,.,0
94,MYS,Malaysia,0.0406,3.269,5380,0.61037037,1,0.270000011,0.008,0.666666687,1,0.01,40.3624,32.95543,13.33214,0.02618718,1,5,0,0,1.710549474,0.02,7.258412151,0.028100001,0.07,0.16,0.14,0.0929,0.01,0.322686,0.102,61.59,0,328550,0,6.262983,54.3,0.8,0.62216,0.1,0.488,2,0,0.7645,0,0.30899999,0.96,3.266814398,10.67207631,3.11,0.449600011,8140,0.034152299,0.926,0.007,88,0.04,0,1,16.26295761,0,0,-0.023180164,0.15862069,1,0.1217,0,0,1,0.3379883
95,NPL,Nepal,0.0158,27.712,5160,0.45,0,0.050000001,0,0.333333343,0,0,14.547,0,75.83333,0.02389093,0,5,0,0,1.844984293,0.005,6.442540166,0.0048,0.03,0.03,0.27,0.2552,0.01,0.6334,0.77,78.35,0,136800,1,-4.60517,38.5,0,0.04617,0,0.01,0,0,0.1495,0,0,0.1,8.397478486,70.51764492,4.33,0.384499997,9404,0.039238598,0.649,0,73,0.08,0,0,15.59143058,0,0,-0.0086,0.027586207,0,0,0,0,0.09,0.0549556
96,OMN,Oman,.,20.445,5540,.,0,0,0,0.166666672,0,0,420.7129,3.046808,2.899202,0.03775907,0,3,0,0,1.97129941,.,.,.,.,.,.,0.01,0,1,0,.,0,212460,0,7.735181,40.3,0.47,0.81356,0.41,1,0,1,1.078,0,0.61900002,.,8.522209455,72.628054,6.22,.,505,0.0277228,1,0,129,0.6,0,0,.,0,0,0.0766,0,0.9223,0.26165,0,0,0.42,0
97,PAK,Pakistan,0.024,31.173,5950,0.62155983,1,0,0.001,0.333333343,1,0,15.4315,67.62395,74.80611,0.03055639,0,3,0,0,1.960376382,0.026000001,6.458338283,0.0154,0.07,0.15,0.18,0.1396,0.01,0.702976,0.17,56.4,0,770880,0,2.986579,43.3,0.09,0.42897,0.01,0.821,2,0,0.2445,0,0,0.3,7.236452432,52.3662438,4.94,0.4366,49955,0.041577399,0.428,0.003,77,0.32,0,0,17.27721616,0,0,-0.002298959,0.206896552,0,0,0.08,1,0,0.0367505
98,PHL,Philippines,0.013,13.922,3010,0.7238207,0,0.02,0.73,0.166666672,1,0,10.8185,107.5375,26.15232,0.02749588,1,3,0,0,1.854264617,0.013,7.032624261,0.0233,0.02,0.11,0.14,0.1047,0.13,0.587954,0,89.45,0,298170,0,2.000767,53.1,1,0.48743,0.02,0.035,2,0,0.3945,0,0.012,0.95,10.77909792,116.1889521,4.28,0.469599992,27561,0.030441601,0.924,0,92,0.44,0,0,17.25678127,0,0,-0.026826397,0.15862069,1,0.0007,0.36,1,0.16,0.3255408
99,SAU,Saudi Arabia,0.0255,23.069,4700,.,0,0,0,0.166666672,0,0,527.5313,4.853882,1.857222,0.04195169,0,3,0,0,1.98471868,0.055,8.264620829,0.0305,0.04,0.07,0.07,0.01,0,1,0,203.72,0,2149690,0,9.136133,44.7,0.13,0.27666,0.22,1,1,1,0.899,0,0.98699999,0.12,4.361005772,19.01837134,6.06,0.433099985,4075,0.033374202,0.999,0,.,0.12,0,1,16.57724686,0,0,0.138629436,0.089655172,0.4796,0.37265,0,0,0.45,0
100,SGP,Singapore,0.0691,1.355,5300,0.3215287,1,0.460000008,0.022,0.333333343,1,0.150000006,0.3733,3081.967,0,0.01685737,1,4,0.09,0,1.232560277,0.003,7.413367336,0.033399999,0.05,0.12,0.08,0.043600001,0.06,0.328758,0.075,86.98,0,610,0,-4.60517,63.7,1,0,0,0.22,2,0,2.461,0,0.713,1,3.425439618,11.73363658,4.5,0.432200015,1634,0.020807801,0.695,0.018,87,0,0,1,14.81215361,0,0,0.019400001,0.144827586,1,0,0,0,1,1
101,LKA,Sri Lanka,0.0228,6.868,6850,0.32574693,1,0.689999998,0.081,0.666666687,1,0,6.5355,171.5903,351.3485,0.01905157,0,2,0.01,0,1.488173842,0.01,7.138073034,0.038199998,0.06,0.15,0.24,0.192800002,0.01,0.4167,0.233,124.85,0,64630,0,-4.60517,62.3,0.99,0.038,0.01,0.069,2,0,0.6095,0,0,0.95,7.585757102,57.5437108,2.44,0.420700014,9889,0.036201801,0.986,0.025,51,0.08,0,1,16.33725134,0,0,-0.030010462,0.2,1,0.0471,0.04,1,0.4,0.6367116
102,SYR,Syria,0.029,33.458,3290,0.09479197,0,0,0.103,0,1,0,40.2938,62.65871,23.97632,0.0334147,0,1,0,0,2.041869402,0.075000003,7.362010551,0.030400001,0.09,0.15,0.1,0.01,0.04,0.704255,0,43.68,0,183780,0,5.134337,50,0.14,0.0644,0.08,0.831,2,0,0.4095,0.081,0.79799998,0.65,10.45873036,109.3850408,5.83,0.444099993,4561,0.037930299,0.906,0.054,78,0.85,0,0,15.78730773,1,0,0.029546425,0.317241379,0,0,0.08,1,0.33,0
103,OAN,Taiwan,0.0658,25.259,2130,0.25505626,0,0.310000002,0.001,0.333333343,0,0.310000002,2.9893,391.4445,0,0.02191896,1,3,0,0,1.373715639,0.100000001,7.135687347,0.0142,0.08,0.22,0.22,0.106799998,0.05,0.613066,0,59.21,0,32260,0,-4.60517,65.4,1,0,0.02,0.002,2,0,0.608,0,0.99000001,0.96,5.4087004,29.25404002,5.17,0.453900009,10792,0.024833201,0.163,0.002,116,0.05,0,1,16.42224774,0,0,-0.021001182,0,0.3675,0,0,0,0.71,0
104,THA,Thailand,0.0515,13.77,4620,0.3569488,0,0.949999988,0.003,0.333333343,0,0,19.3578,86.4634,50.05057,0.02566693,1,3,0,0,1.709102273,0.025,6.849066283,0.018100001,0.03,0.12,0.12,0.078899999,0.02,0.82902,0.001,52.81,0,510890,0,2.558825,52.7,0.28,0.57876,0.02,0.015,0,0,0.386,0,0.023,0.83,5.191055142,26.94705349,3.94,0.456099987,26392,0.027470401,0.92,0.002,75,0.44,0,0,17.0298825,0,0,-0.011506937,0.075862069,1,0.6276,0.04,1,1,0.5939589
105,ARE,Unit'd Arab Emir.,.,23.39,5240,.,1,0,0,0.333333343,1,0,928.8889,2.053038,0.6847556,0.09972614,0,3,0,0,1.911910057,.,.,.,.,.,.,.,0,0.998002,0,.,0,83600,0,10.35679,53.4,0.77,0.3567,0.34,0.999,2,1,.,0,0.29300001,.,.,.,5.33,.,90,0.033333302,0.963,0.001,.,0.22,0,.,.,0,0,0.145300001,0.027586207,0.3254,0.02122,.,0,.,0
106,YEM,"Yemen, N.Arab",.,15.228,5370,0.01669136,0,0,0,0.5,1,0,130.718,.,.,0.02720872,0,3,0,0,1.912796497,.,.,.,0.03,.,.,0.176800001,0,0.97045,0,.,0,527970,0,.,37.4,0.38,0.72048,0.01,0.985,3,0,0.472,0,0.90399998,0.08,12.8,163.84,5.44,.,4039,0.031938601,1,0,131,0.52,0,0,.,0,0,-0.054200001,0.179310345,1,0.6074,0,1,1,0
107,AUT,Austria,0.0289,48.231,840,0.03321225,0,0,0.944,1,0,0,11.7381,66.78308,88.04961,0.00236847,0,4,0,1,0.858237803,0.012,8.545391846,0.024800001,0.04,0.15,0.15,0.114199999,0.08,0.89265,0,74.54,0,82730,1,2.858482,68.8,0.62,0,0,0,1,0,0.565,0.023,0.98000002,1,4.349913293,18.92174566,1,0.221300006,7048,0.120459698,0.198,0.027,100,0,0,0,17.40589101,0,0,0.001529612,0.324137931,0,0,0,0,0.78,0
108,BEL,Belgium,0.0268,50.837,190,0.36383442,0,0,0.988,1,0,0,3.5857,420.7111,161.5809,0.00249368,0,5,0,1,0.80602932,0.035,8.611593867,0.046300001,0.03,0.15,0.11,0.029699998,0.09,0.976214,0,69.91,0,32820,0,-4.60517,69.7,0.99,0,0,0,0,0,0.974,0,0.345,1,4.838404711,23.41016015,1,0.235200003,9153,0.1196329,0.238,0.001,100,0,0,1,17.73343084,0,0,-0.000692569,0.572413793,0,0,0,0,0.78,0
109,CYP,Cyprus,0.0462,35.081,.,0.3,1,0,0.781,0.666666687,1,0,15.7068,.,.,0.00681857,0,5,0,0,0.930588067,0.024,7.619233416,0.0118,0.03,0.13,0.21,0.176199999,0.01,0.656622,0,51.93,0,9000,0,.,68.8,.,.,0,0.216,2,0,0.8255,0.773,0.003,1,4.475395087,20.02916118,2.11,0.3662,573,0.0593368,0.843,0.002,92,0.12,0,0,13.97011913,.,0,0.002105348,0.296551724,.,.,0.2,1,1,.
110,DNK,Denmark,0.024,55.718,765,0.0275,0,0,0.004,1,0,0,9.2622,112.1376,0,0.00371441,0,4,0,1,0.767326593,0.028000001,8.818778169,0.0339,0.05,0.18,0.16,0.095099999,0.1,0.984086,0,70.24,0,42430,0,5.172658,72.2,1,0,0.01,0,0,0,0.5835,0,0.005,1,6.936782536,48.11895196,1,0.252400011,4581,0.105872102,0.46,0.992,112,0,0,0,17.24845076,0,0,-0.005370423,0.420689655,0,0,0,0,0.78,0
111,FIN,Finland,0.0272,60.212,1640,0.105,0,0,0.017,0.833333313,0,0,68.7562,33.61261,7.619513,0.00421488,0,4,0,1,0.6486727,0.018999999,8.573762543,0.044599999,0.04,0.15,0.13,0.062400002,0.07,0.964614,0,59.9,0,304590,0,-4.60517,68.5,0.29,0,0,0,1,0,0.4775,0.017,0,0.97,7.336706047,53.82725562,1.83,0.304100007,4430,0.072008997,0.333,0.982,126,0,0,0,16.96991741,0,0,0.002455212,0.586206897,0,0,0,0,0.78,0
112,FRA,France,0.0263,48.857,440,0.14548394,0,0,0.971,0.833333313,0,0,12.0414,88.70178,88.60191,0.00707771,0,4,0,1,0.925052285,0.059,8.669570872,0.0231,0.03,0.17,0.16,0.0799,0.08,0.94334,0,82.04,0,550100,0,1.293263,70.4,0.85,0,0,0.001,0,0,0.3055,0,1.00399995,1,6.417260754,41.18123558,1,0.263799995,45684,0.116386503,0.253,0.022,98,0,0,0,19.39907428,0,0,0.000388734,0.786206897,0,0,0,0,0.8,0
113,DEU,"Germany, West",0.0257,48.161,240,0.04375527,0,0,0.47,1,0,0,6.3008,120.6083,239.8791,0.00290832,0,5,0,1,0.734768867,0.045000002,8.790269111,0.0211,0.04,0.17,0.15,0.083899999,0.06,0.484274,0,66.44,0,349270,0,2.870741,69.4,0.94,0,0,0,0,0,0.3965,0,0.949,1,3.49356456,12.20499334,1,0.213300005,55433,0.1084553,0.109,0.513,109,0.08,0,1,19.71319947,0,0,0.00207179,0.482758621,0,0,0,0,0.8,0
114,GRC,Greece,0.0343,38.058,2130,0.07777778,0,0,0.851,0.166666672,0,0,15.4798,69.06823,30.08471,0.00687303,0,4,0,1,0.871293366,0.041000001,7.646353722,0.0137,0.07,0.13,0.12,0.064299999,0.04,0.740986,0,65.51,0,128900,0,1.598076,68.8,0.93,0,0.02,0.128,0,0,0.3155,0.833,0,1,10.92719492,119.4035887,1.94,0.264600009,8327,0.0825027,0.654,0.001,116,0.2,0,0,16.67361225,0,0,-0.020582363,0.448275862,0,0,0.08,1,0.8,0
115,HUN,Hungary,.,47.419,1160,0.06507937,0,0,0.653,0.166666672,0,0,.,0,109.8982,.,0,1,0,0,0.685618937,.,.,.,0.25,.,.,.,.,0.510114,0,.,0,92340,1,3.721241,68.4,0.9,0,0.04,0,0,0,0.711,0.01,0.005,1,4.695788158,22.05042642,5.67,.,.,.,0.324,0.283,.,0,0,.,.,1,0,.,0.35862069,0,0,.,0,0.11,0
116,ISL,Iceland,0.0269,63.892,2042,0.1,0,0,0,1,0,0,569.6023,.,.,0.01232547,0,5,0,1,1.131079435,0,8.509967146,0.0209,0.05,0.11,0.13,0.1116,0.07,0.996006,0,95.03,0,100250,0,.,73,.,0,0.01,0,1,0,0.7855,0,0,1,22.8549211,522.3474184,1,0.346599996,176,0.079545498,0.964,0.998,64,0,0,0,13.68045114,0,0,0.00280831,0.124137931,0,0,0,0,0.82,0
117,IRL,Ireland,0.0373,54.611,800,0.09035714,1,0,0.896,0.833333313,1,0,24.3084,42.4618,34.21706,0.00897543,0,5,0.74,1,1.348073125,0.014,8.105005538,0.0286,0.04,0.15,0.14,0.0964,0.08,0.813426,0,67.58,0,68890,0,2.718957,69.7,0.91,0,0.01,0,1,0,0.823,0,0,1,8.290560544,68.73339413,1,0.311100006,2834,0.111855999,0.593,0.103,119,0,0,1,16.05444996,0,0,0.002460577,0.406896552,0,0,0,0,0.64,0
118,ITA,Italy,0.0298,45.415,1270,0.03886815,0,0,0.996,0.833333313,0,0,5.8578,169.9543,202.5813,0.0047319,0,3,0,1,0.902597368,0.032000002,8.425954711,0.030300001,0.02,0.15,0.13,0.071699998,0.07,0.992022,0,55.6,0,294060,0,3.002363,69.4,0.86,0,0,0,0,0,0.3275,0,0.006,1,8.751708952,76.59240958,1.22,0.249300003,50200,0.093107603,0.168,0.001,92,0.04,0,1,19.24972502,0,0,-0.022858866,0.703448276,0,0,0,0,0.8,0
119,LUX,Luxembourg,0.0306,49.78,.,0.21666667,0,0,0.985,1,0,0,9.5541,.,.,0.00547256,0,5,0,1,0.682086229,0.012,8.977272739,0.024,0.04,0.13,0.1,0.059,0.01,0.970332,0,55.52,0,3000,1,.,69,.,0,0,0,0,0,1.612,0,0,1,4.423217848,19.56485613,1.28,0.213300005,314,0.108280301,.,0.009,91,0,0,0,14.72666573,0,0,.,0.455172414,0,0,0,0,0.8,0
120,MLT,Malta,0.0538,35.887,.,0.10333333,1,0,0.891,0.833333313,1,0,1.5198,.,.,-0.00039761,0,2,0,1,0.723676383,0.013,7.225481473,0.0361,0.06,0.24,0.23,0.1779,0.02,0.805546,0,100.85,0,500,0,.,69,.,.,0.04,0,2,0,1.3865,0.001,0,1,3.480133321,12.11132793,1.56,0.368099988,329,0.072948299,0.214,0.108,79,0,0,0,13.02153922,0,0,-0.02131759,0.386206897,.,.,0,0,0.47,.
121,NLD,Netherlands,0.024,51.874,140,0.06343537,0,0,0.356,1,0,0,2.9547,353.6062,414.5556,0.00853974,0,4,0,1,0.915490448,0.044,8.712266432,0.041200001,0.07,0.16,0.15,0.067799999,0.13,0.499461,0,63.92,0,33920,0,6.100271,73.3,1,0,0.03,0,0,0,0.8505,0,0,1,4.487562055,20.1382132,1,0.3,11480,0.090069696,0.433,0.61,105,0,0,1,18.0606281,0,0,-0.008847564,0.634482759,0,0,0,0,0.8,0
122,NOR,Norway,0.0318,59.977,1000,0.06988372,0,0,0.001,1,0,0,85.6828,22.41369,2.763691,0.00548178,0,4,0,1,0.948564231,0.034000002,8.632305999,0.034899998,0.09,0.15,0.13,0.0621,0.07,0.984102,0,79.39,0,306830,0,8.032375,73.4,0.48,0,0.08,0,0,0,0.851,0,0,1,6.589456772,43.42094055,1,0.2588,3581,0.111142099,0.446,0.992,107,0,0,0,16.81570337,0,0,0.007195704,0.668965517,0,0,0,0,0.78,0
123,POL,Poland,.,50.244,1130,0.03904924,0,0,0.878,0.166666672,0,0,.,75.8737,108.9466,.,0,1,0,0,0.832039177,.,.,.,.,.,.,.,0.07,0.779946,0,.,0,304420,0,2.496275,67.3,0.84,0,0.04,0,1,0,0.445,0.093,0.04,1,.,.,5.72,.,.,.,0.328,0.031,.,0,0,.,.,1,0,.,0.524137931,0,0,.,0,0.11,0
124,PRT,Portugal,0.0409,38.816,1750,0.0025,0,0,0.999,0.166666672,0,0,10.4181,141.8488,33.13247,0.00599058,0,4,0,1,1.043451905,0.061999999,7.533158807,0.0138,0.09,0.15,0.13,0.052200001,0.04,0.998002,0,62.74,0,91950,0,-4.60517,63.7,0.69,0,0.03,0,0,0,0.5825,0,1,1,12.28177172,150.8419165,2.22,0.291399986,8826,0.0798776,0.361,0,92,0.28,0,0,16.618616,0,0,-0.0093,0.448275862,0,0,0,0,0.78,0
125,ESP,Spain,0.0355,37.398,1420,0.27451613,0,0,1,0.166666672,0,0,16.3993,98.96389,39.98909,0.00882992,0,5,0,1,1.055704713,0.02,8.046549357,0.0097,0.03,0.1,0.11,0.0793,0.04,1,0,48.44,0,499440,0,0.6753976,68.9,0.46,0,0.01,0,0,0,0.2705,0,0.72799999,1,9.586527695,91.90151325,2.39,0.274100006,30455,0.082055502,0.465,0,89,0.08,0,0,18.37055482,0,0,-0.02567675,0.848275862,0,0,0,0,0.78,0
126,SWE,Sweden,0.0213,59.278,1200,0.06503676,0,0,0,1,0,0,55.0294,43.88341,7.955152,0.00382769,0,4,0,1,0.726098299,0.041000001,8.93485034,0.041200001,0.05,0.2,0.18,0.096799998,0.09,0.976266,0,91.25,0,411620,0,-4.60517,73.2,0.3,0,0,0,0,0,0.4725,0,0,0.96,6.698610447,44.87138193,1.06,0.219899997,7480,0.119652398,0.251,0.988,142,0,0,0,17.85483841,0,0,0.003372483,0.572413793,0,0,0,0,0.78,0
127,CHE,Switzerland,0.0143,47.408,600,0.30759804,0,0,0.416,1,0,0,7.376,0,148.091,0.00704847,0,5,0,1,0.761273026,0.027000001,9.149421957,0.0297,.,0.114,0.079,0.022299999,0.07,0.50716,0,67.67,0,39550,1,-4.60517,71.3,0.33,0,0.03,0,0,0,0.622,0,0.83999997,1,3.822352272,14.61037689,1,0.236300007,5362,0.100522198,0.104,0.578,127,0,0,1,17.73651428,0,0,0.006139703,0.344827586,0,0,0,0,1,0
128,TUR,Turkey,0.0257,41.202,2520,0.16356839,0,0,0.18,0.5,0,0,27.9774,56.84623,30.27788,0.02430635,0,3,0,0,1.670721173,0.050000001,7.391415235,0.026799999,0.09,0.14,0.11,0.0322,0.03,0.631418,0,44.48,0,769630,0,1.636896,50.5,0.39,0,0.02,0.773,1,0,0.156,0.176,0.014,0.75,23.5267086,553.5060173,3.33,0.412,27509,0.035333902,0.911,0.038,99,0.31,0,0,17.61368374,0,0,-0.038899999,0.193103448,0,0,0.08,1,0.13,0
129,GBR,United Kingdom,0.0203,51.51,320,0.10628458,0,0,0.066,1,0,0,4.6132,199.0842,537.0287,0.00276849,0,4,0.97,1,0.893226802,0.063000001,8.828054537,0.034499999,0.08,0.2,0.2,0.1005,0.09,0.829218,0,79.31,0,241600,0,4.373679,70.8,1,0,0.02,0,0,0,0.45,0,0,0.92,7.683768434,59.04029734,1,0.232500002,52372,0.116837204,0.167,0.908,99,0.24,0,1,19.69418191,0,0,-0.013620205,0.551724138,0,0,0,0,0.78,0
130,YUG,Yugoslavia,0.0265,43.773,1380,0.27777778,0,0,0.865,0.166666672,0,0,5.5429,.,.,0.00881722,0,1,0,0,0.895679772,0.067000002,7.560601163,.,0.18,0.22,0.26,0.107100002,0.09,0.761084,0,133.41,0,102000,0,2.970748,63.3,0.63,0,0.03,0.112,1,0,0.437,0.459,0,1,39.4256377,1554.380908,5.89,0.304899991,18402,0.063199699,0.403,0.017,.,0,0,.,17.3808158,1,0,-0.0092,0.517241379,0,0,.,0,0,0
131,AUS,Australia,0.0218,32.219,7800,0.11279711,1,0,0.228,1,1,0,741.0994,6.251487,0.3078257,0.016453,0,5,0.95,1,1.027474284,0.028000001,8.959568654,0.0217,0.09,0.14,0.1,0.051299999,0.13,0.59546,0,68.82,0,7644440,0,5.064194,70.7,0.2,0,0.04,0.003,0,0,0.2955,0.001,0,1,6.707103178,44.98523304,1,0.300900012,10315,0.084633999,0.811,0.737,129,0,0,0,18.20092308,0,0,-0.016126245,0.351724138,0.3857,0.01649,0,0,0.69,0.1602212
132,FJI,Fiji,0.0191,17.827,.,0.8,1,0,0.05,0.833333313,1,0,45.6853,.,.,0.02236339,1,5,0.01,0,1.469485879,.,7.65349491,0.0128,0.05,0.14,0.17,0.124099999,0,0.681836,0.114,46.03,0,18000,0,.,59.2,.,.,0.04,0.022,2,0,0.9905,0,0,0.85,6.642858498,44.12756902,2.61,0.479799986,394,0.025380701,0.977,0.816,93,0,0,0,13.62984582,.,0,0.0504,0.117241379,.,.,0,0,0.34,.
133,NZL,New Zealand,0.0107,36.892,9280,0.14756993,1,0,0.142,1,1,0,112.9806,10.12706,2.210206,0.01187142,0,5,0.9,1,1.148988485,0.018999999,8.982184279,0.025599999,0.07,0.14,0.14,0.090400001,0.13,0.724194,0,68.53,0,267990,0,4.682646,71,0.96,0,0.01,0,0,0,0.4735,0,0,1,8.532894651,72.81029113,1,0.328799993,2372,0.086424999,0.89,0.839,101,0,0,0,16.75367304,0,0,-0.042344622,0.386206897,0,0,0,0,0.2,0
134,PNG,Papua New Guinea,0.0084,6.6,4500,0.80272727,0,0,0.022,0.833333313,1,0,235.8646,4.690946,4.864055,0.02344454,1,5,0.01,0,1.803688049,0.014,7.118826249,0.0233,0.1,0.34,0.43,0.3917,0,0.922408,0,52.5,0,452860,0,5.998264,41,0.69,0.95,0.19,0,2,0,0.691,0,0,0.32,5.193408687,26.97149379,2.31,0.404500008,1920,0.0291667,0.971,0.018,105,0,0,1,14.67890671,0,0,-0.047800001,0.131034483,1,0.3581,0,0,0,0.3453681
135,SLB,Solomon Islands,.,9.625,.,.,1,0,.,0.833333313,1,0,.,.,.,.,1,.,.,0,.,.,.,.,.,.,.,.,.,.,.,.,0,27540,0,.,.,.,.,.,.,2,0,.,0,.,.,9.685,93.799225,.,.,.,.,0.965,.,.,.,0,.,.,.,0,.,0.096551724,.,.,.,.,.,.
136,TON,Tonga,.,21.173,.,.,1,0,0.025,0.833333313,1,.,.,.,.,.,1,.,.,0,1.867948651,.,.,.,.,.,.,.,.,0.69705,0,.,0,718,0,.,.,.,.,.,0,2,0,.,0,.,.,9.6048,92.25218304,.,.,.,.,0.989,0.155,.,.,0,.,.,.,0,.,.,.,.,.,.,.,.
137,VUT,Vanuatu,.,15.233,.,.,0,0,0.1,0.666666687,1,0,.,.,.,.,1,.,.,0,.,.,.,.,.,.,.,.,.,0.519882,0,.,0,14760,0,.,.,.,.,.,0,2,0,.,0,.,.,7.84,61.4656,.,.,.,.,.,0.221,.,.,0,.,.,.,0,.,0,.,.,.,.,.,.
138,WSM,Samoa,.,13.633,.,.,0,0,.,0.833333313,1,0,.,.,.,.,1,.,.,0,1.892810702,.,.,.,.,.,.,.,.,.,.,.,0,2850,0,.,.,.,.,.,.,2,0,.,0,.,.,10.92,119.2464,.,.,.,.,0.926,.,.,.,0,.,.,.,0,.,0,.,.,.,.,.,.
139,NAM,Namibia,0.0052,.,8400,.,0,0,.,.,1,0,.,0.239703,0.9725897,.,0,.,.,0,.,.,.,.,.,.,.,.,.,.,0,.,0,823290,0,5.88887,.,0.17,0.89,.,.,3,0,.,0,.,.,.,.,.,.,.,.,.,.,.,.,1,.,.,0,0,.,.,0.656,0.4785,.,1,0,0.0283202
